Workbook

Sheet Summary
A1: OLD GALVEZ MHP | C1: 2025 YTD
B2: JAN | C2: FEB | D2: MAR | E2: APR | F2: MAY | G2: JUN | H2: JUL | I2: AUG | J2: SEPT | K2: OCT | L2: NOV | M2: DEC | N2: TOTALS
A3: Income | B3: =Income!B35 -> 29690 | C3: =Income!C35 -> 29541.5 | D3: =Income!D35 -> 29627 | E3: =Income!E35 -> 35720.83 | F3: =Income!F35 -> 29155.64 | G3: =Income!G35 -> 31457 | H3: =Income!H35 -> 0 | I3: =Income!I35 -> 0 | ... M3: =Income!M35 -> 0 | N3: =SUM(B3:M3) -> 185191.97
A4: Maintenance | B4: 4175 | C4: 1681.87 | D4: 1973 | E4: 2062 | F4: 2382.36 | G4: 1746.07 | N4: =SUM(B4:M4) -> 14020.3
A5: Electricity | B5: 677.87 | C5: 566.03 | E5: 607.37 | F5: 1081.47 | G5: 580.28 | N5: =SUM(B5:M5) -> 3513.02
A6: Insurance | B6: 2125 | C6: 2125 | D6: 2125 | E6: 2125 | F6: 2125 | G6: 2125 | N6: =SUM(B6:M6) -> 12750
A7: Trash | B7: 328 | C7: 328 | D7: 328 | E7: 328 | F7: 328 | G7: 503 | N7: =SUM(B7:M7) -> 2143
A8: Lawn Care | B8: 0 | F8: 600 | G8: 600 | N8: =SUM(B8:M8) -> 1200
A9: Waste Water Sol | B9: 250 | C9: 250 | D9: 250 | E9: 250 | F9: 250 | G9: 250 | N9: =SUM(B9:M9) -> 1500
A11: Net | B11: =B3-B4-B5-B6-B7-B8-B9 -> 22134.13 | C11: =C3-C4-C5-C6-C7-C8-C9 -> 24590.6 | D11: =D3-D4-D5-D6-D7-D8-D9 -> 24951 | E11: =E3-E4-E5-E6-E7-E8-E9 -> 30348.46 | F11: =F3-F4-F5-F6-F7-F8-F9 -> 22388.81 | G11: =G3-G4-G5-G6-G7-G8-G9 -> 25652.65 | H11: =H3-H4-H5-H6-H7-H8-H9 -> 0 | I11: =I3-I4-I5-I6-I7-I8-I9 -> 0 | ... M11: =M3-M4-M5-M6-M7-M8-M9 -> 0 | N11: =SUM(B11:M11) -> 150065.65
F13: 2 month elec bill

Sheet Income
A1: OLD GALVEZ MHP rent income | C1: 2025 YTD
A2: Unit | B2: JAN | C2: FEB | D2: MAR | E2: APR | F2: MAY | G2: JUN | H2: JUL | I2: AUG | J2: SEPT | K2: OCT | L2: NOV | M2: DEC
A3: 1 | B3: 1300 | C3: 1300 | D3: 1300 | E3: 1300 | F3: 1174.19 | G3: 1300
A4: 2 | B4: 1300 | C4: 1300 | D4: 1300 | E4: 1300 | F4: 1300 | G4: 1300
A5: 3 | B5: 1300 | C5: 1300 | D5: 1300 | E5: 1300 | F5: 1300 | G5: 1300
A6: 4 | B6: 425 | C6: 425 | D6: 425 | E6: 425 | F6: 425 | G6: 425
A7: 5 | B7: 1250 | D7: 1300 | E7: 1300 | F7: 1300 | G7: 1300
A8: 6 | B8: 1005 | C8: 1640 | D8: 810 | E8: 2135 | F8: 1665 | G8: 905
A9: 7 | E9: 693.33 | F9: 1300 | G9: 1300
A10: 8 | B10: 1400 | C10: 1300 | D10: 1000 | E10: 1202.5 | F10: 1350 | G10: 1827
A11: 9 | B11: 425 | C11: 425 | D11: 425 | E11: 425 | F11: 425 | G11: 425
A12: 10 | D12: 1300 | E12: 2600 | G12: 1300
A13: 11 | B13: 1300 | C13: 1300 | D13: 1300 | E13: 1300 | F13: 1300 | G13: 1300
A14: 12 | B14: 1250 | C14: 1250 | D14: 1240 | E14: 1240 | F14: 1250 | G14: 1250
A15: 13 | B15: 1140 | C15: 1451 | D15: 1300 | F15: 796.77 | G15: 1300
A16: 14 | B16: 1250 | C16: 1205.36 | D16: 1250 | E16: 1250 | F16: 1250 | G16: 1250
A17: 15 | B17: 425 | C17: 425 | D17: 425 | E17: 425 | F17: 425 | G17: 425
A18: 16 | B18: 1300 | C18: 1300 | E18: 890
A19: 17 | B19: 850 | C19: 1750 | D19: 1300 | E19: 1235 | F19: 1135 | G19: 1140
A20: 18 | B20: 1650 | C20: 1250 | D20: 850 | E20: 1650 | F20: 1250 | G20: 800
A21: 19 | C21: 1240 | D21: 1300 | E21: 2253.33 | G21: 1300
A22: 20 | B22: 1250 | E22: 996.67 | F22: 209.68 | G22: 1300
A23: 21 | B23: 1250 | E23: 600
A24: 22 | B24: 1100 | C24: 1048 | D24: 1452 | E24: 1250 | F24: 1250 | G24: 1250
A25: 23 | C25: 510.71 | D25: 1300 | E25: 1300 | F25: 1300 | G25: 1600
A26: 24 | B26: 1300 | C26: 1300 | D26: 1300 | E26: 1300 | F26: 1300 | G26: 1300
A27: 25 | B27: 1070 | C27: 1300 | D27: 1300 | E27: 1200 | F27: 1300 | G27: 100
A28: 26 | B28: 1300 | C28: 1300 | D28: 1300 | E28: 1300 | F28: 1300 | G28: 910
A29: 27 | B29: 1300 | C29: 1300 | D29: 1300 | E29: 1300 | F29: 1300 | G29: 1300
A30: 28 | B30: 1300 | C30: 1300 | D30: 1300 | E30: 1300 | F30: 1300 | G30: 1300
A31: 29 | B31: 1300 | C31: 1300 | D31: 1250 | E31: 1250 | F31: 1250 | G31: 1250
A32: 30 | B32: 950 | C32: 1321.43 | D32: 1000 | E32: 1000 | F32: 1000 | G32: 1000
B35: =SUM(B3:B34) -> 29690 | C35: =SUM(C3:C34) -> 29541.5 | D35: =SUM(D3:D34) -> 29627 | E35: =SUM(E3:E34) -> 35720.83 | F35: =SUM(F3:F34) -> 29155.64 | G35: =SUM(G3:G34) -> 31457 | H35: =SUM(H3:H34) -> 0 | I35: =SUM(I3:I34) -> 0 | ... M35: =SUM(M3:M34) -> 0 | O35: =SUM(B35:N35) -> 185191.97 | P35: TOTAL
